ticker,sticker,current
WTW,-2.9779943567947753,nan
TJX,37.893197048372265,62.76
KRO,7.107840846543087,15.48
EMGL,-93.44424516107874,nan
GME,1.9613949290498913,138.29000000000002
UFI,0.4660469585658774,26.240000000000002
ASTC,0.1439811409059792,1.755
FF,40.26887816900337,15.155000000000001
NVTA,-22126.486075116645,34.45
FOSL,1.630137324176671,15.935
ICUI,268.73686517050845,225.85
EMR,-3.5195987304295318,91.515
MDXG,42.16521022469447,10.575
CFI,2.2098911616989585,nan
HEAR,196.91079893142754,23.990000000000002
TOWR,60.60931817949533,nan
CSX,-0.48004491527565124,91.465
SPAN,3.4573037046708075,nan
LH,202.30960607638082,233.845
FEIM,0.46188636392635546,13.025
IIN,-165.39589307870074,21.985
AVP,-0.00023417838800197463,nan
SONO,-15.699101617585342,38.07
AMD,2610.2012829383143,78.89
COST,87.46804218035061,318.045
LB,373.0764793603392,56.165
GIS,21.28269943268771,56.945
GDOT,12.718386190140887,46.595
SWKS,37.76538871813884,172.82999999999998
SCND,1.8568059202822862,0.0
AMKR,9.81016604919048,21.215
ABCD,-0.04169416896396419,nan
NBIX,65.88892232617998,93.23
ENR,17288008023826.621,44.505
OMED,0.1375276096348869,nan
DMDW,1.0386694278821426e-15,nan
FRD,5.494817288786991,8.545
HOFT,16.450991613309327,37.685
NTGR,-1.2313484907585526,36.57
IEHC,173.16570707780585,0.0
ACHC,23.119233611399807,55.0
VLO,-2.482885603447562,79.255
AIMC,2268.2203996237563,63.68
NEU,852.34785296938,386.89
HUBS,-47174.01381308376,459.255
WY,-0.0395676852402274,33.825
GNRC,624.5225118398248,311.85
TESO,4.388361921678055,nan
TR,0.9903577569564174,32.66
CLAR,0.8130003182515629,18.02
EQT,-15.607894231585789,18.175
TYL,526.9963940157976,402.8
NURO,2.0007672381389394,3.0149999999999997
JCOM,158.8800182622958,113.88499999999999
EBF,1.3991558625662055,20.505000000000003
FBHS,10.879048444956885,84.89500000000001
PBI,3193.4929111726747,8.48
LL,-0.503620661262749,23.560000000000002
ULBI,4.558510733343249,6.9
WING,422.88240339165435,115.77000000000001
CRWD,-8059386132752.853,183.635
ABAX,14.814455275319592,nan
ELAN,1.1721462092180235,31.275
HMHC,1.817104544891136,6.23
LKSD,0.07190715212061702,nan
WMAR,0.5396534848853044,nan
DY,34.09020445320796,79.05
EBS,32.400464935712435,90.74000000000001
XHR,0.11788572633655939,18.575
ADNT,5.8317745746043155,37.665
FCX,-0.6849486257484847,35.04
MPC,176.65443710036564,57.46
CLBS,1.3390182477585908,1.8
BVSN,0.0015513188421645517,nan
LIVN,5.438371771787362,82.425
VIVE,nan,2.9
GGP_old,nan,nan
HSII,25.189786197496833,35.84
FIZZ,40.40873618573026,53.875
PRAH,42.43849647836691,149.73000000000002
TMED,0.05474336866759795,nan
OLED,90.45413239888474,189.29000000000002
SAVA,-0.40128023973880367,43.925
CUZ,334.1579847849043,34.75
STLR,0.00039675444766902807,nan
VSLR,1.0878717887349711,nan
BRX,-0.84153868775369,20.03
RL,-7.757304404149397,122.095
SNDK,-3.1032043059258703,nan
ES_old,0.9176274295600535,nan
CZR,0.47966108724361384,93.85
ALSK,0.22025713360741725,3.33
SWK,144.9903876011558,180.7
UPL,-0.2092234383741002,nan
ALTR,-10.09958628394745,62.3
AXTA,4.990245640714993,28.855
OSIS,13.190893164432874,77.325
DBX,-7.275149606821092,23.525
TLCC,-4752.5078641746295,0.0
OXFD,-6.827088661594011,21.985
EXPD,17.441765713018835,92.245
COP,-2.988813949423753,58.370000000000005
CSLT,-0.4480426576143802,1.71
MAS,-6.392243877017867e-25,54.25
RSYS,0.0019898275691312465,nan
TRUE,-1.7755737470263715,4.975
BCEI,108470.65645545583,39.150000000000006
IPI,-0.9265211117817372,28.369999999999997
PRKA,0.760362813966737,0.0
USM,4.149442849497516,30.54
ENDP,-17283.77944385902,7.075
SRPT,-232.54284891132656,84.905
DOMO,1283.4704676896972,53.894999999999996
QSII,5.856712650892234,nan
LAMR,9.907681762575683,89.55
CCS,478.21059340721007,54.375
AMP,-17.925104767885824,225.575
AKER,-1390.2466230906282,2.63
APD,79.5864610037225,257.005
SOFO,0.7037925210161013,0.0
SGMO,-122.6300388495124,11.364999999999998
OMGB,nan,nan
CCH,nan,nan
JBCT,-2142.879739859866,nan
NPS,-0.004275702525934702,nan
NUE,23.127362773261936,63.2
INFI,0.0013268781901462703,2.6950000000000003
BRRE,0.12084926008542532,0.0
ZUMZ,21.380136763146687,51.605000000000004
GXP,0.030217092010868675,nan
RAD,1.1632866344641124,19.515
USAT,-8.310777503071558,10.015
BCSI,86.3047712807762,nan
FFIV,253.602277868636,185.66500000000002
CBRL,25.336691286826017,162.335
WSO,65.69507741697738,246.82
ESL,2.8149227247593696,nan
ARNA,3097050.945717741,71.465
PX,29.532830674162852,nan
ONEM,4.341571101090232,45.125
STOR,79.5333436228321,32.144999999999996
MON,43.43646921770842,nan
CRWS,0.9164846377029939,7.734999999999999
XEL,15.901164797184851,61.61
BMRA,0.44678462941439945,5.35
TSQ,2.1034951331649174,10.675
BSPM,3.5283404806571332,nan
MXWL,1.522955123674368,nan
COHR,13.231393509283588,237.38
VIRC,1.8245058055061658,3.31
KBR,36.59390322567168,30.99
CST,735.3706702243195,nan
BMS,-1.6862097839655235,nan
ZG,-83.3154628503631,141.72500000000002
BRO,21.622877531673122,45.755
NYT,11.34862550148474,50.365
TYPE,0.3179934934976648,nan
ACET,8.369396402927368,13.705
KND,0.643240890449246,nan
LPG,1.1725588838049044,13.35
REED,0.0001348459414158522,1.005
ACW,-857.0044136854393,nan
ALTR_delis,10.809237375916268,nan
NLST,-4058.148918102569,0.0
MBOT,-1.0726684416581584e+17,7.91
ABT,13.649986850958102,116.455
IDXX,-66488315194.187874,502.5
MCD,6097.839451405767,207.8
CMBG,4.472797421669469,nan
MNI,-5201356.009445868,nan
IPGP,89.54011894961563,200.37
NDAQ,3.6846821971670156,143.1
C649,-118739600.72531173,nan
PBH,-4.669542837263114,43.97
PRSC,0.31771469673437935,155.31
SSYS,62.81050931482397,23.85
PPSI,-0.44443705980247505,4.885
VISI,0.86318764920235,nan
AMRK,1.6270865873380846,28.675
AMGN,-13.783413263489916,227.7
MTOR,790.4536573621593,30.1
AOS,4.403586012791975,36.06
RHE,0.00537179921164362,5.52
AVNW,17.771328619293115,54.515
STML,-255285.95680999744,nan
SUI,197.13777366798078,140.065
CPSI,31.694066853707856,31.61
ARCW,0.9651077945218919,0.0
ATVI,23.477358024098624,92.22
DMD,1.0958116795853574,nan
LDOS_old,-5.559587473461436,nan
SLCA,7.329147842891848,14.239999999999998
AMG,-0.12923209963326227,75.05000000000001
INVA,187580.46993433387,11.69
NICK,0.39299091064009634,10.524999999999999
CHTR,28091.452508171064,529.9449999999999
ENVA,30.645880501598565,34.97
ETM,-17.313497428759963,4.965
UPWK,-0.8998411619740017,44.265
FCN,37.50348509404124,121.16999999999999
PH,23.239388339806162,300.57000000000005
SNH,0.4884931117081154,nan
LNN,-0.19952152579553417,158.22500000000002
YELP,-0.9490929483527124,39.415
CHGG,-6.8368139740210205,88.11
AZO,420.178878250772,1213.325
HBI,20.606169373965095,19.174999999999997
SSI,3.899782402834498,nan
AVT,-2.017880002509283,38.17
COVS,nan,nan
CCF,82.52664928530137,114.495
PLAB,0.8102705098258457,11.785
JEC,25.325520230242834,nan
RLJE,-8.464014957696296,nan
SINO,-49.06793762642252,4.86
TCMD,65.64374293069888,43.705
PI,-27.589485488108387,54.5
POST,0.10146037507985306,89.2
VNE,7.659242845352463,27.1
AZPN,-3.83334150036114e-18,164.5
FSLR,-0.6250026653054784,73.65
FRED,0.44834649319198405,nan
GSIG,35.1014907368365,50.22
NXST,33507.29809663387,150.2
WRI,4.789354463742797,26.525
ALNY,-232.09384413883373,138.34
GCO,4.6053979338476045,43.785
REI,29.980521976572987,2.5549999999999997
PSA,-2.92272938208582,228.945
CVS,90.06709867320154,70.57
SCSS,2664.1629761921154,nan
NKE,-3.8333804832535954,133.20499999999998
JLL,1025.1155467790288,177.02499999999998
WWW,-2.4987810929703116,32.510000000000005
CYIG,14.83074189777308,nan
XBIT,2752028270723.758,18.765
FARM,7.475799220830339,7.535
CSGP,475.0413919776168,829.55
APPF,829.4286548015735,143.18
ESS,25.33831574176953,264.47
SMIT,0.3882761641139187,6.095000000000001
BCR,10.267736649421101,nan
VSM,1534729065.2911046,nan
BWA,43.905287246760935,49.010000000000005
ENDP_old,0.7420495616025042,nan
HAE,-1.4070754331987594,122.25999999999999
MKC,81.41354028552881,84.63
T,32.514600959171524,29.59
SNAP,-3.9664686580701107,57.85
LMNR,-6.3140294679867415,15.555
BXC,-158.08533275327449,36.175
ABM,25.411491425937406,46.260000000000005
AOBC,5.971192790567025,nan
HEMA,0.13456081423574484,nan
BCLR,5.1297078565721224e-05,nan
PGRE,0.19485196329528298,8.625
AAN,1.6578605282165235,23.744999999999997
SIRI,-0.07652593851570538,5.9
ACIW,13.312740936361529,50.510000000000005
MO,1.0399345329183824,45.2
SRDX,4.134224414917696,52.505
ARVN,-10956.853522281268,85.005
FELE,15.7084019614976,77.46000000000001
NSC,24.811190168747213,260.53
SHLD,3.4850093401315405,30.805
TLRY,-2748.164922528623,21.990000000000002
TPX,143.21259234672218,36.120000000000005
SEIC,26.829794382695972,56.975
WAIR,0.43018030431660154,nan
CLOUD,-13933433.25314265,nan
PVAC,173.07601173105593,18.585
UTL,21.945038750391053,43.695
ATO,186.86540206160748,90.31
GUID,2.8227934488020655e-22,nan
SRRA,-25.140069898285763,15.5
APPS,-0.1670064025900466,74.9
LAYN,0.09665618422223494,nan
BBRG,-400.27654689325203,nan
ICPW,0.03908775315624915,nan
PKE,10.870841626865245,13.61
DORM,25.119540844359175,102.33
LVIS,14271.162677315508,nan
WSH,230.49163173673625,nan
CLF,-1.4043605747465562,14.155000000000001
ALGT,1714.6233044582084,243.38
ELLI,94.60843985860329,nan
KIM,-1.3190955713692245,19.205
AUDH,nan,nan
ULTA,78.94250241059163,333.83500000000004
FRX,3.744663489006392,11.79
HII,17.48309641831061,185.505
COTV,63.04874983466771,nan
OMI,1.6502317672540545,32.015
BXP,1.3157435512027187,107.555
RATE,0.6150581933442523,nan
EGAN,-0.13097887374304165,9.965
SPOK,0.9203498617150528,11.024999999999999
TBIO,-187.33464113752638,22.035
DTE,53.3055763578494,121.61500000000001
BLDR,3627.34578605774,43.69
IEX,78.5660597705221,197.705
CASA,0.018145667413775383,7.625
DSW,-2.222891426767894,nan
MC,47.469475570414446,53.045
CETX,-49.52159899246462,1.48
TRT,1.7593402125378985,5.325
AMSC,42.01118130384834,21.795
LCUT,1.418560127672802,14.665
PRGB,-240.05581746423124,nan
HAL,2.2385951346938318,23.845
THO,66.13502759188466,126.525
ITI,0.4020289437612692,6.0
SYRG,582.4045965265253,nan
RWLK,-1607244.4884274711,2.72
ALOT,0.2462465807699291,11.469999999999999
TTGT,5.227212212313003,76.0
EVI,244.59222730709766,39.315
WAB,59226.89345909756,73.89500000000001
AMT,3.787077087545411,204.375
MRC,-0.696482312738401,9.295
PLD,22.349308497537518,96.24000000000001
MEET,0.7292514050448123,nan
MATR,0.07448735921327114,nan
LANC,71.64964317664939,180.435
LGL,228.40882491465186,11.184999999999999
CFX,-43.7085495040997,49.870000000000005
BAH,275.1155591635374,76.835
MEI,42.7211902856381,42.54
QNST,180.1709760769496,22.5
TTPH,0.8483956056414839,nan
BFAM,79.94523113142942,114.93
ETN,2.634485097238681,137.41
RCL,92.15659373217457,87.05000000000001
TAYD,6.230486960400782,10.96
WYND,-9.442573511215638,0.0
HCHC,-4079.3588273833716,3.635
CLCT,24.63310404183419,0.0
DGTC,7.313112002793236,nan
HAYN,-1.1874957750988857,26.095
REXR,273.8773858957469,48.765
SUPN,2930.805773242249,26.54
XPER,1.8301965223888053,22.455
FC,0.09046954753791224,28.82
IO,2641887175.712906,2.73
NNN,5.810607863713701,42.55
RRGB,0.39608941308856743,36.540000000000006
HES,2.2959871169797395,75.04499999999999
TGLO,-0.0015262711915424707,0.0
EPM,17.259661409495894,4.3100000000000005
HALO,0.4197440091052036,45.35
KONA,nan,nan
TVTY,9.96778613164801,19.209999999999997
GLYC,-95.03908169855649,3.07
CPB,-1.2039458341363853,46.675
PII,162.05677661132822,132.0
HSTM,5.060101887471616,23.314999999999998
PSEG,13.040912904787488,nan
HCSG,8.335277110781146,29.235
STLD,24.404260358391937,45.875
EVFM,0.005157849085605344,2.3099999999999996
PVH,60.72547260186403,102.82
DGX,34.38667125101304,114.985
IRM,-1.4232367897091385,35.760000000000005
IPG,12.265229967269072,27.285
NAII,17.866688922433728,15.155
OA,109.29908143633227,nan
TUP,11.460852843638015,31.155
HELE,2.3291584106373855,217.0
PBYI,0.09774007795581191,10.305
CCFI,nan,nan
SMTC,1.0071025149928206,133.325
PTE,0.13631609622183644,1.27
FLEX,0.33920265227684276,16.814999999999998
VMI,10.656190694566497,193.445
TU,110.81884289216772,20.799999999999997
RHI,10.391743879398282,77.05
VEEV,679.9444515061165,255.445
AGIO,-54.73029843555356,52.885000000000005
PG,-2.573171019118554,126.05000000000001
FORM,15.451591625631208,42.97
SANM,10.749105010900513,37.58
TGT,1.2223526143899508,172.765
FNKO,3.248351482859447,13.195
ZHNE,-93.75209135886317,nan
DXPE,26.463750179538195,32.459999999999994
HLI,20.47070718208923,64.21
IMGN,71178842481.13985,8.885000000000002
MAC,-1.186939833588087,13.399999999999999
CLGX,-0.932157584235017,78.89500000000001
ZM,588733009.5287434,337.005
FSLY,-3480650.6514999713,65.28
SCTY,-1.4617725225137537,nan
CPS,21.34622170297655,31.345
WM,25.25494743697516,118.96000000000001
ACIA,16.171664658977182,0.0
BRSS,1088.2294177600709,nan
GRPN,-0.783980905549014,62.675
AAC,nan,nan
DLX,8.049632800310608,39.849999999999994
ES,17.988847741181072,80.815
ASCMA,13259574641.705023,nan
ALEX,-0.21701087401193656,17.865
LW,-2.340970591895535e-16,84.345
MKSI,52.51749506406637,149.07
F,0.005210550276804791,12.27
OKTA,-6099.572029229704,216.175
CNK,3.3165641957797236,23.86
CTS,8.500992401388327,33.655
REV,-144.35973648126728,11.8
DE,104.46626152811662,350.635
CHKE,18.185323545187334,nan
OGE,nan,31.03
AMZN,13470.824252576624,3001.39
DRE,14.213094271390593,38.745
ARMK_old,nan,nan
CIK0,39.4249956621391,nan
OLLI,109.0546150856088,84.69
LGIH,2117.761217398209,129.535
BGCP,-0.27432961282520796,4.275
AIR,-0.11699716527140697,41.56
RGLD,1.9784347414473509,105.995
HYH,0.15446068906544333,nan
WWD,59.874121711337274,125.18
QLGC,0.5417546024059423,nan
LYB,-11.577355573230687,107.755
HOT,-3.6434934959324563,nan
LEG,10.282365156492661,47.345
SIX,6190.829750118791,48.445
ZEUS,0.6771088461076087,21.085
CK00015503,nan,nan
GDI,103.09717013061312,nan
SMED,0.032264485197726726,13.9
GTHX,-446.9519160594752,20.36
SVU,313.18090454433406,nan
CHSP,-0.4539145171564435,nan
WLT,0.011790060040039711,nan
WSTL,0.8247501720887819,0.0
OOMA,1.4603811100985273,15.7
ZAYO,3.643597622567051,nan
RPM,-3.041447867006305,83.44999999999999
LAD,577.1534570506475,373.64
LXRX,-35.2623568123414,6.945
CNSL,-0.6477083762142354,6.055
OMP,nan,19.270000000000003
RMBL,-13667.36244292137,30.72
PLNT,7840.797012115553,83.455
CREE,5.117158177072049,107.44
GOV,nan,nan
MELI,-5126100.058004304,1464.005
EFOI,0.22913713309334555,4.234999999999999
MANH,-1.8883127415687448,130.995
CXW,-1.0882640463322517,7.83
CDI,2.789795972126635,nan
ALSN,-2.0433281469817244,39.06
LCI,8.179615417386394,6.165
PCG,6.458414090700194,10.67
MTRN,20.39181019623314,72.72
EAT,801.7064929053461,72.16
BONT,3.6362745078786873,nan
AVYA,1.1473225987010534,31.4
AGCO,-0.6922161912791186,133.72
CRM,1011.3353362909962,211.32999999999998
PINS,-973289.1115633205,68.35
BLUD,nan,nan
PDLI,0.9968481275770084,nan
KMX,6.281047535029219,123.16499999999999
WMB,1.0491249092368804,24.15
ACLZ,-39954.53192962164,nan
GLUU,0.2101158903778847,12.5
FOE,0.19416197621374073,15.55
QLYS,48.01104371322932,96.945
DHR,30.971957278440424,218.415
LQDT,0.9278156480347657,15.945
CDNA,-120.69967230202786,72.91
LEATPK,6.16817917276592,nan
ITCI,3.6930308490195163,34.015
AA,9.111637566172988,29.335
CCL,6.905743003720947,26.39
HSIC,13.180352712065732,62.644999999999996
RLOC,1.3090654076270032,nan
RYAM,-33.416544308215016,8.74
UBX,1.338885926932557,6.24
LEGH,51.286893389991064,17.615000000000002
SNHY,158.45617537963355,nan
EXPR,-0.1243454216903035,2.4699999999999998
STX,126.32190738533438,72.725
ALB,81.81982680935938,141.51999999999998
SWX,69.06800590096815,69.095
ACPW,4.328736417187676e-06,nan
VRTX,2781.665604887142,211.975
DLPH,-0.32469971689856325,nan
PTC,-7.480904251109246,127.15
BRKA,755356.1675346253,nan
AGN,8.747578385032153,nan
KLXI,1.1733193627316378,nan
INOD,0.10661738711851221,5.95
PACB,0.5097535320121824,29.84
CK00007861,0.1950271393747501,nan
UHS,56.36811899303465,131.67000000000002
SOTK,0.037272705052258534,0.0
TSCO,12.231002942529937,155.5
CHH,-0.0824711504169396,104.46000000000001
FICO,-9.622072623605705,441.135
UIS,0.4370785537245359,24.34
INFN,1.7657823703417634,8.315000000000001
ON,11.971634398420361,38.82
GRC,2.115171597070429,33.900000000000006
MSCC,68.98819601713522,nan
TREE,128.00259817021555,247.57999999999998
NOV,15.516876074448122,17.564999999999998
RUSHA,28.462858929717143,43.015
RFIL,5.252881958624184,6.075
LRDC,-0.01593223277572918,0.0
BRC,28.596011518368165,53.925
WLK,68.81302907364649,89.325
DUK,31.219735328808053,88.675
SGMS,2.2000691567737305,44.945
KURA,-1546.755951319857,29.744999999999997
LSYN,5.01687454702875,nan
BYND,-493413332.5586734,138.725
CCXI,-123906.81389222617,63.4
CAGU,0.6962650840981147,0.0
TCX,145.29641745760375,80.75999999999999
FRPT,-0.23661854069529578,147.065
STJ,-2.759739044393291,nan
PTN,251967.49740777526,0.713
PURE,-17.50475430426318,0.0
CSC,1.3613763305092497,nan
CWRL,-0.0018642726023963406,nan
MN,0.1146994783216907,7.51
TEN,-193.90520986230328,10.91
DRI,27.190080390364802,140.565
EA,82.1954958250219,131.06
TEL,11.615995481060365,120.75
CLFD,3.0880364794129256,33.655
AAON,23.896467475416866,75.0
LGND,13810.726665790005,143.0
TWTR,183.73155460289234,67.055
GTLT,-27.451624125520574,nan
MNST,80.9994927303946,86.605
GERN,0.5952576367645845,1.8050000000000002
IHRT,-5.898028031943168,15.7
EPAY,3.350849484691621,44.5
DXC,-6.522624287570442,27.375
SCSC,8.032316490302646,29.675
ELY,13.72039364798278,27.2
CFMS,0.05561737592568976,0.9404999999999999
SYNA,0.9278271399666874,132.03500000000003
DHX,2.316822405570351,3.36
ESCA,1.6160645071726079,20.975
PCTI,-0.1594049964870293,7.35
DYN,-0.834788373287331,15.625
CARS,-inf,13.01
FTEK,0.37025756227476425,3.115
EXA,0.10713989610566496,nan
AMTD,82.8598369139066,nan
AGR,3.035488967789854,46.81
SYRS,-0.07998310087534699,7.93
MDU,5.143691609485811,30.744999999999997
AAPL,-4.378233596645041,121.435
MUSA,2.639620867438037,139.24
QDEL,247.75377793576473,152.45
BIG,61.609466785877856,63.525
DOCU,1.996221400368331,205.485
CPXX,0.09137534661066038,nan
DS,0.16580163045207427,2.3499999999999996
KORS,91.64335953073304,nan
CBB,-27.36462196724213,14.445
MPWR,152.86155156876146,333.885
EVOP,-9.536684551202297,25.0
CLC,5.208834376502562,nan
BBBY,1.552945079695849,28.244999999999997
PRPL,-140092.81046844422,30.7
MWW,nan,nan
IPHI,1.4600929506506095,155.0
BGS,1.990604030670815,nan
TSN,98.23933823607095,72.315
LPSN,2.2301331546930476,58.95
LLL,5.0482273803600926,nan
CVX,-0.6775359826953127,108.985
RMCF,37.11972280752091,4.945
PD,-3816975.4585507815,38.56
WEN,-0.9073094155956576,19.68
HABT,0.6399716970702105,nan
V,11.787981120877388,215.64
COTY,-2682.315374513215,7.855
PYPL,27.348341713871385,240.5
BJRI,-2.2213161164339854,55.25
TECD,135.5363060546835,nan
FL,-1.1078966353822322,50.095
BID,-2.0486209073736323,nan
PCP,83.26665666915035,nan
WBA,-6.078245972827641,47.269999999999996
DEI,37.0160185653179,33.9
CENT,40.884503749114685,47.254999999999995
HON,11.603408905432858,206.67000000000002
A,6.829072803885255,115.94999999999999
WSCI,0.009286458841432291,nan
TXRH,7.808075547449434,93.5
URI,985.7391514562042,301.25
SESN,0.6055609854248609,2.375
ADP,16.018371028740624,176.685
ANF,-1.0584895345161263,28.625
GPRO,0.17508360738637022,8.005
NHTC,-0.3509119094724697,6.59
SNOW_delis,6.650735150901959,nan
NSSI,-0.10927132648195226,nan
AEHR,0.14083090099055676,2.4050000000000002
CBS,607349.6376248682,nan
LEA,105.34054176520779,118.50999999999999
NFLX,2593.437475199297,516.85
CRSP,59887.18255953357,115.325
WFT_old,0.5333723473671759,nan
KOPN,0.14925208885110505,8.345
EOG,59.402771168608446,74.9
IVAC,0.21344105964740978,6.6
GEO,-0.06063784096218603,7.715
MAMS,45.842581963421374,nan
SANW,-12.176534186331057,3.385
FCS,0.20099275660494648,nan
IMO,4.304241022704763,23.064999999999998
KMB,-0.045551566477562117,130.725
MHP,236.49077216000524,nan
SHEN,19.39960743145762,53.945
CUBE,2.86763367428448,36.45
XOG,nan,33.0
ITRI,2.912959840439028,103.21000000000001
ILMN,541.7201675808789,400.49
NTAP,-1.2217136189029432,61.735
BRCD,0.8989277272350267,nan
AVXL,-50.384944701001444,11.84
KOOL,0.0006356502504136249,nan
LBUY,2.3103709363965783,0.0
FTI_old,18.85218216548776,nan
SYNT,-2.8048936638861756e-10,nan
HNI,9.937923324731294,36.045
BKNG,-195.20088828828307,2307.925
MLM,101.09140845993625,328.99
INCY,6407.518842233462,80.28999999999999
NCLH,76.11747034430653,29.23
BV_old,-0.584987285874564,nan
ZNGA,0.6596728138191253,10.335
ALGN,101.20412457266545,544.0350000000001
INFO,2.6214557138225643,88.425
CYNX,-19.508270484227484,nan
OCN,18.10838972993988,28.15
RWC,0.3419885106257597,nan
PCTY,410.12913684647043,186.055
KDP,1440.6730637882688,31.46
VRSN,50.96102298540909,192.32999999999998
ATU,2.1003743890434405,nan
SNI,390.6570880154508,nan
CCK,2613.3741967328865,96.745
SIMU,24.993899458549286,nan
ATK,63.87235580026338,nan
ATKR,2442.288208041503,68.72
BTAI,0.7723783679654549,44.375
CORT,6253.015498987581,24.975
NGVT,11595.495538367362,72.455
ELMD,8.67724048580159,11.935
SBH,-0.20636975618382827,18.195
YHOO,-13.812711805513143,nan
IRBT,125.05770260271966,116.315
JCI,0.08618640773699833,58.305
HPJ,39.42962257732142,nan
JKHY,56.7309442633727,152.89
SFS,2.285227987187664,nan
GT,-0.006210713215445644,18.369999999999997
CAG,473.4327377401827,35.28
KSU,4.252341584645236,211.99
VAC,168.84364033632073,178.925
AWI,100.8276010860585,72.265
TTD,5353.0623504406485,657.52
JYNT,3010267.429537291,42.8
MIST,-1574.0839769042082,6.925
QUOT,0.7043421163730256,14.184999999999999
VRA,4.083465499917015,10.125
AL,208.47494238164785,47.89
GILD,34.80736736195163,64.65
LE,0.15268935204660347,30.134999999999998
IDSY,-0.5394990187757993,nan
MTSI,6.414267826660922,61.13
NTRI,115.6363467029975,nan
DDE,-7.161066917120098e-05,nan
CASI,-57.74030448278678,2.2
WRK,166.60660095625317,52.815
LNG,222.1064674080232,72.68
HCCI,2.64632117653844,22.5
ANDV,4895.025691166704,nan
HDS,5.552387492524988,nan
MIDD,232.84576235014484,164.8
CIK,224.63105372998197,3.325
SYUT,49.32542245909664,nan
BPL,nan,nan
NRG,-0.00015525148452496794,39.955
CTAS,69.72926547137473,336.995
EXEL,42354.407271227734,22.28
EHTH,21021.416695382126,53.195
BLD,28.132697486091125,182.41
FUEL,1.0178973911176143,nan
GLBL,0.5264463739307773,nan
INGR,34.09394039244054,93.145
BYD,3.388216302007926,62.5
SAIC,671.956527990683,87.88499999999999
TMDX,7763670714504.297,31.265
MTRX,5.821219909030779,14.49
BLUE,-8.618759953011564,28.700000000000003
MCHP,820.1962983418,145.44
RST,-5244.2784350170705,nan
OXY,-47.90849332250432,31.31
RDC,-0.8782511489457221,nan
SKY,-262557.9939990655,44.894999999999996
SNAK,0.603442434556363,nan
EVC,-1.176355499037894,3.445
LEE,-0.27727319662508837,2.7800000000000002
ONVO,1.9108976736935595,10.71
WMGI,-12.255131169372893,nan
GPC,13.51866620316647,112.695
SCG,0.2122849013582595,nan
NX,2.4442125313590894,24.825
ZAGG,15.955248109017186,0.0
LPX,0.004139961481212155,50.135000000000005
ODFL,198.59262647326526,219.0
IRDM,-1.147068606903011,38.92
AVEO,-1.9995166748344374e-06,8.005
XYL,18.88415869045666,100.28
DDD,1.0149446065529564,24.85
MITK,-3.3759616090903304,14.52
UAL,787.9928532172561,50.8
MDSO,109.19649750965314,nan
BX,14.359352830125356,65.61500000000001
IDT,0.0904962399317315,18.855
MXIM,-4.325312896654167,88.19
TCNT,-2.289463127850668,nan
SNA,149.32467238590644,217.39
VAL,51.19487976346514,nan
SPLK,-370.01249390127913,136.845
JWN,-5.721710597294345,34.89
NFX,2.1362862238292064,nan
TWIN,28.240104606481044,8.56
CARG,355.9172190090051,25.365000000000002
CDR,-0.11919398762618966,15.875
TTC,115.91629676272504,98.39
APH,49.27470158950196,61.69
CBLK,-1124362.5595621734,nan
EVRG,-4.192394507945154,55.025000000000006
QEP,0.6787692949166879,4.4
NSSC,10.747143548319004,33.53
WHG,-0.14672553121138288,16.145
W,-35235145.55798431,295.33000000000004
XOM,6.914585869049063,60.885000000000005
APU,nan,nan
MCFT,522.2579869846502,27.325
MPX,1.1857670784668264,17.84
ALJJ,0.40870164625760436,1.335
CMRO,-0.00016719032715891856,nan
SD,nan,4.025
CAH,-0.5109531652976459,53.655
CTL,8.384791555644455,nan
FDC,106.79253996777122,nan
BLCM,3.2663574219535503e-09,3.6950000000000003
BKD,1.2306926724717857,5.775
FLO,1.2164060125367604,22.674999999999997
SLGN,47.47642314563463,41.675
CHJI,0.014826872236721005,0.0
IRG,14264764851.842543,nan
SQ,1100.3652099748563,218.095
HD,-14318.165185561555,253.755
TZOO,-0.3776748940810764,13.46
SYY,-5.399725032407076,81.255
ABD,0.7013086186155111,nan
VRTU,-0.249573878815285,51.325
AAXN,4.822325843632382,0.0
MAT,0.3124298979298056,20.88
ADT,0.4089667550909745,7.225
ALTMS,nan,nan
CSOD,-3336.0218986313043,48.465
HDP,38680675365.14561,nan
ICHR,11.816345938235228,43.25
XNCR,120.10019933811293,39.21
MRNA,1.2692220998951909,132.225
BLFS,-188.76780531521302,35.45
AC,4.079109354699127,37.495000000000005
SONS,-6.323082836888918,nan
JCG,-51.03796714678089,nan
FRGI,3.8666518900711893,15.6
ASYS,-1.380155979832805,9.055
VTVT,0.02713531003672381,2.3099999999999996
BLL,1.3965463422500937,81.41
ROL,8.773747124154326,32.965
FISV,4383137088.665036,120.87
WIRE,32.350086246654634,60.53
WTS,18.057719988702303,117.53999999999999
CRI,11.777232576125375,85.78
DISH,1258.695501632198,32.435
HAR,57.53632973030917,nan
CMD,22.424047918408515,74.93
STAL,-31.387094918403253,nan
SHPGF,5452.6022606504375,nan
OLN,-0.23700296359096767,30.415
LTRX,-4.343797591839159,4.415
IFF,762.5671765063115,132.22
GSIT,0.002273290845611392,7.05
NWL,0.11616048869124297,24.65
CW,77.4707651916317,118.475
NEOG,36.81104618102326,79.775
TPCO,-240.8080125219425,17.03
SWY,2.634759191140946,nan
IT,6276.0685926826045,176.88
MRSN,-1511103548.5843067,16.735
PNW,15.224222143592296,76.28
LG,84.52894911398856,nan
LMB,-0.13808898980146556,11.565
UOLI,-0.0010534653072329873,0.0
PERF,0.9769615222733741,nan
CNNX,nan,nan
NATI,0.6518548715199439,42.269999999999996
BNFT,-1205.3150536156807,14.405000000000001
ORCL,-2.657081161978217,70.29499999999999
NLS,2.3993190437238723,19.41
AGYS,0.9332241023869251,35.545
ALXN,974.287835532118,151.04500000000002
BOX,0.2672421897268044,18.55
BLK,141.55192551709624,704.63
HCA,-0.05485127609164568,184.065
MJN,-5.006179027689199,nan
OPTT,-452.09361486283973,2.715
ESP,-0.5233338456582974,20.369999999999997
LBTYA,123191.78456498495,23.875
CACI,222.92450379203217,218.7
STZ,6128.9372488573,217.0
SUP,6.383157246022066,6.154999999999999
TPB,318.56508344522734,46.975
ASGN,141.05857236809229,106.75
KBH,53.51839473429314,42.59
NACCO,79.69989209475246,nan
VSTO,1.508585950889812,29.395000000000003
PETS,63.42325276660078,33.4
SSTK,5.059931912045955,83.625
JACK,1634.6924474115267,100.55000000000001
DEST,0.3880542097116342,nan
NK,1.2099996513838402,27.25
NCR,21.440488227935028,35.45
TIVO,2.511574926973542,nan
IVZ,165.17768792545255,23.5
LYFT,-1338.4328225259273,64.27
GSEG,0.0007837404901733181,nan
REZI,1.0137763916492732,29.975
UFS,-1.7324288819568285,37.405
WLB,5.135634227600108,nan
MIC,-2.6963808800350817,30.555
DBD,-5537760273116597.0,14.69
NEP,-466.25575136095284,69.565
EPD,12.901293699743166,23.130000000000003
BERY,5912.028678821162,58.745
KSS,-0.8385915101252728,55.739999999999995
XEC,-11.511988576914826,66.91999999999999
RH,24518169381.15897,460.005
WHR,38.55927094492505,196.60500000000002
LLTC,130.7962586693884,nan
APIC,-17147.79133709661,nan
FB,442.6118774563082,264.5
NDSN,171.4929804364797,196.055
SNPS,45.93825391148561,219.425
SAFE,6531864.839720276,69.67500000000001
GNTX,6.3155844189125965,33.519999999999996
ADVM,1.5558171457495746,11.51
HCP,-0.023016282820172974,nan
BABY,-0.7601664549764368,nan
CALL,1.2631881412838768,nan
TOCA,11.781829295523828,nan
SHOR,-0.29847916404342334,nan
PRGS,-0.7370545825194781,42.265
BMI,17.22039853418564,104.205
ITG,-0.027333120239023023,nan
ZMH,71.81155806719218,nan
CRUS,9.690587716720948,77.08500000000001
ISIL,0.12780378354761868,nan
JJSF,54.3755290968808,151.93
PGTI,358.17235528429484,26.0
CACC,3514.1028700117113,397.255
MAR,-0.40955214229630355,147.335
DVA,-8.325210315316303,104.95
RSPP,2082.772867750945,nan
ARE,265.04621749490474,158.16
MKTX,384.45207322034787,520.88
AVAV,22.34377675604232,104.5
MOV,5.193898813739118,17.465
KKR,51.464030884340964,46.875
SILK,0.32833591813862895,37.44
CNP,53.13152103736846,20.815
ABG,1181.5195884828288,152.25
DLB,11.705337777538219,95.455
ADMA,-260.770357369267,2.1399999999999997
EVH,-331.15424072208623,17.515
SIGM,0.21660746225281016,nan
XPEL,3349.521285513226,49.004999999999995
GEOS,0.018054649250854933,10.49
INT,5.905491608972833,32.82
NSPR,7.261401197672833,0.745
OSK,87.81000559886769,113.555
GOOG,1460.279826192826,2112.625
LSTR,52.084042205647535,162.3
NOIZ,87.86855083334545,nan
GH,-3073.3868289456177,135.175
QSR,-2.343999039160102,62.66
CWEN,0.0780271068449983,26.77
SJI,nan,26.565
RDFN,-64.02975133762396,62.555
DECK,74.24501843627085,316.04499999999996
ANGI,89.46030330032468,15.585
WPX,2.351366737891825,0.0
RAIL,4.567137372732903,3.045
UTX,45.765630800793254,nan
PETM,-3.83686929714831,nan
HP,0.34495266466468616,31.509999999999998
SMP,14.52509154263611,44.145
UHAL,584.3176507676047,595.075
AGN_old,140.14890251972002,nan
AIT,30.129217399053854,91.575
SHAK,435.76154475701236,112.69
HNNA,49.53997234589678,8.45
SHLX,nan,12.79
BRID,18.465585272878553,14.809999999999999
ARA,0.7353235349303782,0.0
NERV,0.2563411650776344,2.995
DDMG,24678425490575.81,nan
MYCC,-0.08382390285348351,nan
AMWD,345.86926204339863,86.315
OTEX,42.02901824414921,52.665
CY,5.743079488949867,nan
AVLR,-202034912.02475932,144.20499999999998
WIN,-20763.34229977532,nan
CELG,-1.2189011004154395,nan
GLW,-2.074387131797282,37.525000000000006
ETSY,31.563858841818295,200.7
LULU,344.3107830940739,293.645
BPMP,nan,12.31
TUSK,-2.9184954725585377,5.515000000000001
FIVN,-144.20462605737097,173.01999999999998
LOW,-2.1925092260642414,158.85
DK,40.078140922187835,24.455
ZYNE,-938.8652361954584,4.130000000000001
ALJ,1.0218061288605775,nan
RDNT,225.45953037891613,18.0
CCI,9.30193189053292,150.55
PK,46.624419653415025,20.67
RIOT,-11326426544.51861,40.16
GDDY,2.2303806930323957,75.595
JVA,-0.01832841565160549,4.755000000000001
BKI,2.5814032276648886,77.08
BOOM,72.16866515126813,58.78
AXGN,-920.8045041796696,21.155
GWPH,nan,214.60500000000002
PJT,45984.84426876511,67.86500000000001
OUT,-1.1145026246841894,22.060000000000002
VTR,6.076545665626341,55.254999999999995
UTMD,74.72791072258404,87.24000000000001
CRVS,0.8965156967182064,2.83
SMG,1200.2628507744962,200.94
CKP,0.9884074557296003,nan
MSA,36.111344181237754,158.89999999999998
CODA,170.86331365501104,6.779999999999999
WDC,0.8148405712339485,68.705
DVAX,0.006169602684621476,8.185
CAR,681.7558070695512,62.0
GLGI,195.3352565954033,0.07250000000000001
HRL,20.216349193451737,47.785
PINC,41.585095827782354,34.525000000000006
BZH,2.614953135877011,17.424999999999997
TLRD,164738420872645.28,nan
ECA,53.88764932118985,nan
SSNC,188.92257250063852,65.85499999999999
TFX,159.4606377961381,402.655
FLXS,5.276244245761093,31.82
UNIT,0.017951667792189853,10.785
IONS,10674.46149415247,55.555
PBF,55.884788077992184,16.65
CSGS,29.726020448435552,46.225
RGLS,1.7404856719535244,1.355
CVSI,-2.7289908084135863,0.0
LABL,-11.290422487772624,nan
CC,-3.5943299490429323,27.1
DRTT,-0.03446257480467257,2.8049999999999997
JILL,0.08947074057662723,4.37
FTDR,-0.0639732552255295,53.825
RAX,2.692181925604531,nan
MATX,23.17737419228201,85.94
RGEN,3361.688341730578,201.55
DDS,-5.88168648985645,83.66
HDSN,0.6385862683255367,1.33
DAN,152.6110252443687,24.305
SGM,0.13133737272382287,nan
CA,1.605785570851821,nan
RHT,11.432508449962679,nan
ARQL,-6177.920698943893,nan
IMMY,0.03141302157320959,nan
SQBG,42.12471060183369,18.05
PLCE,-5.691134526111976,74.245
FORD,0.6142921158592507,3.35
VRNT,1.1886297426646482,47.95
USFD,46.59377670133941,38.075
WCG,8117.037666766714,nan
MXMG,nan,0.0
TLRA,0.333494302951952,nan
AE,0.9665660258823495,30.75
TOY_delist,-16.89173998692503,nan
JBL,-2.7133809843745547,43.370000000000005
ARTX,0.6067146366326094,nan
HLF,-2.1408850059633244,47.56
SNGC,nan,nan
GOOD,1.8758259278852676,19.69
BRCM,22.88230166241904,nan
WDAY,-222.28679190807313,237.91
AAOI,-6.145561668253613,8.045
JOE,-0.7291465939960934,54.19499999999999
RIGL,0.34543180262955825,3.925
ED,31.090264081868575,68.13
BSQR,0.17859876888074264,3.77
SSP,-0.31757417868941795,22.805
LGCY,-0.19263845249728684,nan
MAA,9.701243965219458,136.61
EPZM,-224.2390373142201,9.375
LOGM,-1884.3575260977789,nan
CBI,0.06728705734811521,nan
SWM,13.33765932340257,46.21
JBHT,104.16147837025069,152.93
KLAC,3826.149618928229,307.75
SMLP,293.80028695073514,22.009999999999998
AMDA,2.7785890239728754,nan
AMCX,23453.38425809552,65.6
ACGL,83.05434531279752,33.93
EAF,-0.540913939330039,11.5
MU,594.5788807809333,89.285
SSNI,0.5655646750135122,nan
CSL,23.914323665714697,152.5
MLHR,220.6690772776629,40.135000000000005
KEYS,471.73154599914017,135.065
WU,-1.2121158940708399e-07,23.775
LEDS,0.014649216536381108,4.6850000000000005
HUN,30.06096068970568,27.335
WPTH,-972.9491087092772,nan
STAA,159.90085389336062,90.25
ALRN,2.0346721499991625,1.3650000000000002
WELL,22.77811173186348,69.815
WGP,nan,nan
WEB,31.81758939302314,nan
TACO,1.5791319941198565,10.850000000000001
HQY,17742.74022922539,79.49000000000001
SNCR,3.1223010125765387,3.91
WATT,2.053536267372759,3.785
NTNX,0.27190961510078376,27.095
TXT,12.28433761182597,51.870000000000005
NEM,1184.9848977028716,56.805
ULH,7.125368232332164,24.689999999999998
RIG,3.410972674043299,4.21
EFX,3.136281529226595,169.275
TEUM,-52285376.46705385,0.0
ENG,0.07044217162359641,4.6899999999999995
MSCI,-0.07656050802550342,415.975
DPLO,4.1094623336287786,nan
SAVE,214.2363407681859,34.655
TSE,11.26325401950797,66.905
EXPE,17.68659002713939,166.56
PEN,157.4151841151276,275.0
AVY,39.666284754205094,133.3
CQH,141.63205758395114,nan
BG,13.531308038602681,77.875
KATE,12256.877245633133,nan
FTV,238.80910387464115,67.16499999999999
GPRE,7.33220612352447,28.369999999999997
MORN,63.88084607281854,236.44
JAGX,-5900.309350720283,1.65
SAM,1819.9276712015196,1022.255
BBSI,3549.882806439647,61.015
EIGI,-0.7039760349359357,0.0
SCRH,-18913721.693082508,0.0
ACY,8.813708562626202,8.305
SEAS,-1.1316958568614075,50.675
POOL,1521.399455944771,312.655
GIII,56.62268542774741,18.705
IOTS,-220.5203022557237,nan
MSM,29.50055548837536,85.215
AMH,1.9330902069111335,29.735
CATO,-1.7676354506607028,12.879999999999999
TMUS,207.50842928724654,124.025
ALR,nan,nan
ASPN,0.8061559664895281,17.25
ATOM,0.8468310523941656,22.675
XRAY,2.397050614670267,60.335
XONE,1.0607923857618102,29.45
BOJA,nan,nan
FOLD,-222.3617657765584,10.254999999999999
MRTX,-151866.16247554496,209.845
ONS,3.2597914412181135,nan
QSIM,-2312537546541734.5,nan
RS,84.9291726886277,139.8
AVA,18.35230765524436,40.29
MTCH,1241.9843822709668,146.135
NVR,10357.894286542367,4248.110000000001
ARG,8.294802914454625,nan
DXCM,709.9617406166858,375.2
USG,734868972.3919932,nan
RLGY,2.479810925739537,14.695
NANO,30506.316394594774,nan
COKE,8.861772311273352,281.72
AAMC,1.6836565974675544,21.745
DG,22.577394157671716,178.915
EMN,63.59944943559679,115.19
EEI,0.1915733729249648,nan
INTU,1065.0529284529869,382.34000000000003
BSTG,0.5098837081805763,0.0
CIK0001446,-0.0,nan
AVB,29.17924596714628,174.75
MMM,-4.799594888794032,180.66
R,-0.22537547107211414,72.755
PGNX,0.272521091699641,nan
FARO,4.979812649434808,86.94
CMCO,21.14844424910404,51.265
MRO,-0.9871154356998655,13.025
HTLD,9.232147179614715,20.17
ST,14.039452664671254,59.1
CTXS,-3.3971241388963613,132.76999999999998
NAV,-2.452675520796089,44.26
APRN,5.03180355057292,7.3100000000000005
XLNX,33.190204793668805,120.445
ALKS,1.8971018074485066,19.255000000000003
TWI,0.8570967101960972,7.715
TDC,0.06307181822662027,40.75
ROP,739.4782838874874,349.1
CBK,0.09115178654613733,nan
SMCI,26.191024749856435,32.06
LDOS,9.2632738981576,91.25
QVC,nan,nan
TPCS,10.473390722014834,0.0
AXON,3.067334102093725,146.315
AMOT,75.09654091185213,35.06
THS,7.914469993686922,47.295
ZIOP,-33.199281489331206,4.25
MSFT,97.37300158388037,232.20499999999998
SHO,0.07792816568884169,13.120000000000001
KANP,0.5731445074116143,0.0
HTGM,-184.00935620869785,6.1
CSII,-0.060689050314252486,45.1
NLN,-15326749.866944695,nan
GAMZ,1.5864426389530276e+18,nan
TROV,3.038989507804764,nan
HZO,9.47578837077859,46.42
MYL_old,5.152463857114817,nan
IPXL,0.3990409516758057,nan
NSH,0.3896714261019343,10.530000000000001
TMO,84.29207937038136,446.87
GRMM,-0.8524871411800496,0.0
TER,-2.173607700375169,113.285
CBRE,408.94092887146326,77.405
HOME,4.963433829072159,24.735
SCPL,72883.5042814362,16.305
SXC,-1.68508994933139,6.6
CPN,-3.693055679169696,nan
MTD,-38.49276509321289,1060.4850000000001
VSAT,-25.841773932696313,49.25
DLTR,-57.603122156774035,103.855
UA,2.2170790717187683,18.744999999999997
SITE,608.1398980854408,157.63
PSTG,-49.57278805324992,20.585
LHCG,776.2569505575702,192.615
FCEL,2.361127663519741,13.3
BRKS,1655.0046017203058,83.325
TDRP,-1.4868757792574103,nan
SEE,-0.11749386802572102,44.254999999999995
VMW,1984804775.263372,144.41500000000002
MHH,281.276533731311,18.130000000000003
VMC,25.900238966212857,167.19
SORL,12.162009051979442,nan
MMS,149.24925484986798,84.535
VAPE,0.0033336232117367687,0.0
CUB,50.00523366013391,65.995
ABMC,-98227814.28702673,0.0
MGPI,81.06933253546813,71.065
MDRX,1.8978617537219933,15.625
UTHR,-42.6402809716877,154.0
SCHN,7.826766042658236,38.965
EXPO,16.9133716794476,94.83
PDCO,0.04799259698678307,31.075
ACM,-4.062171317312057,58.19
LII,259.1832144931178,283.08
C993,2.701197213215003,nan
SCX,-1.3824187987253531,6.33
ARW,-0.5889988632284112,101.36500000000001
ADSK,-0.25597773902685117,264.645
TROX,1.1003583876089602,18.725
SHOS,0.8958089793296239,nan
DOV,-2.337617313087583,130.185
ALPN,-6.326171643570551,12.475
CYAN,1.0664889054521804,3.635
KLIC,-0.26176030426238095,44.96
MDB,0.0009671912773555434,314.87
TWMC,0.0033126151550575615,nan
STRM,-162.18460429967573,1.87
RRC,8.178837592754256,10.665
COO,99.73615717246876,294.995
ANDE,24.635148793026715,24.925
DD,-0.6647617499761119,73.97999999999999
NEWR,-976.0405852907654,56.715
SEDG,2052.0162810730044,251.005
MTEM,-2.3528936679873675,11.74
WFM,0.11511696909482709,nan
EL,3.119310293859616,292.73
TRGP,-43.56493093073541,34.425
RTN,31.76512234152911,nan
ECYT,1.5443934455140318,nan
NVAX,-722637.0151830063,178.245
LIVE,-13.08118693377814,25.0
RKDA,1.6115898089989136,2.6500000000000004
IAA,11727048432917.164,55.9
EVLO,0.019905997120567745,8.845
MNTM,-128845.11384192252,nan
LPTH,-12.168361800335438,3.4050000000000002
SLAB,3.1806493259025155,116.9
CHART,1.2344031538968663,nan
ALE,32.142393858123036,61.004999999999995
AWRE,0.5886630104251528,4.3100000000000005
LLNW,-0.06707500393925075,3.04
AMSWA,0.6930030225740645,25.035
CRTO,32.439037660413014,31.994999999999997
INFU,-0.11943126243407891,17.37
GIDYL,1.1278468297684414,nan
BEN,-1.3883478775694256,26.04
PAYX,32.23096009562865,92.13499999999999
CMPR,-0.7839531438377563,114.56
PCAR,107.55282129409565,93.15
AEE,7.876749431456526,72.71000000000001
BKH,nan,59.97
BA,1.364171372292899e+16,221.85
AAP,51.19148338270106,171.525
CROX,-1.3802155414351205,73.58500000000001
VFC,-2.896079050009282,78.485
SHLL,nan,nan
ZYXI,28932.564673942154,14.84
CRS,12.393281758678452,37.144999999999996
CBM,302.16381332653094,nan
RICK,21.15969720590263,62.885000000000005
SOLY,0.11981078389751079,12.309999999999999
ACT,7.122100081330282,nan
NEE,51.840489253270164,70.695
CAVM,-80.26763447240722,nan
BREW,0.45899062699301085,nan
PCRX,-7.433627513522635,69.1
PAH,-0.4041885194171236,nan
TSLA,-391.2023999449278,596.36
HRB,2664.210874316246,19.905
NWE,27.881886291163767,60.915
AVTR,662139.2679894518,27.75
REAL,3613.140401352374,21.865000000000002
ATNX,-3401.098056996953,4.33
ROIA,-0.004827860977351079,nan
FOX_old,27.18881975586133,nan
SGMA,0.028547942133113662,5.45
EEFT,62.27524078290994,nan
AMCI,-136.06460907082777,16.13
TRHC,-1012.4099959952042,35.54
NDMT,-2327.926269242992,nan
MCK,-0.2258997920212347,172.03500000000003
VGR,1857.2900740757382,13.665
DYNT,-15.727009759430036,1.0550000000000002
WIFI,0.3871625417961433,14.05
SYK,54.662418617444374,245.42000000000002
TAP,5.747581123352468,46.635000000000005
ITW,-13.274512934604314,209.92000000000002
EGP,215.64383202123747,135.79500000000002
SWI,0.04357566531371025,16.115000000000002
IR,9.746374497102973,48.765
VKTX,-31114.186533870223,6.635
DIN,354.12355574834055,83.0
CSS,9.11537540188589,nan
MNKD,-3.615448423000478,3.66
SGA,24.45571751223298,21.005000000000003
TTEK,4.908524856406474,125.35
TRUP,-4.750822783580001,78.945
LUNA,13.308731339420945,11.155
BGSF,67.53900196167531,14.525
SSC,0.0777269154803177,nan
AKAM,23.80884392503898,97.44999999999999
NDLS,0.01802288802689255,10.99
CAL,0.07410575031222756,17.29
BRS,8.832626627518897,nan
FSCT,2.034102879381106,nan
MICT,-727.8361365543111,1.88
DMRC,4.832205570745967,38.0
ZUO,1.2993653106052954,13.67
AIRI,0.11016302639992105,1.4849999999999999
AON,-10.48112850550465,247.76999999999998
RMD,7.267230645530179,185.055
IMSCQ,-5.909185235347113,nan
ACAD,-177.56964659367281,48.370000000000005
WTR,503.278806689542,nan
IP,31.979162884949517,54.17
MACK,nan,6.775
NEO,139.5171629310479,43.955
KTEC,1.9318732711241893,nan
AN,62.511368521541826,88.10499999999999
SLG,-4.94241286297257,72.435
TYME,0.00042689215039388024,1.7850000000000001
CMTL,4.757718721602125,25.825
VDSI,0.5771455564892236,nan
ALG,104.72575173200013,131.69
INFOR,nan,nan
HAS,603.8994599086586,94.52000000000001
INTL,105.2908836184592,nan
COG,-0.17452848731034196,18.695
PPL,16.649878300142234,28.310000000000002
MFE,7.08836216844129,nan
APA,7.412477236963049,23.175
RESI,1.2146718055600403,0.0
JBLU,20.087495417850143,18.59
DVN,0.720245615119078,25.65
MB,-38442.65705552099,nan
HI,10.608350533524169,47.485
ROG,42.59403867505965,158.95499999999998
NFG,111.74847410536204,49.5
EQIX,747.8713713521472,659.745
BWXT,597.9338391304929,58.0
VRX,2.258836442955575,nan
KN,2.319292655498032,20.555
SBUX,-16032856028.567335,105.22
ROCK,26.56789309715076,76.795
BKE,0.2806350944010639,37.58
TST,-0.9102743344042039,nan
FLR,9.735340002503428,18.61
HLT,-52.53232549636751,122.245
TNDM,-214.65331558716065,81.245
MTN,135.64877035959535,308.875
CMI,45.56090692053381,267.995
CME,19.11335018074939,213.475
GES,-0.2889941727290157,25.375
CRAY,3.0542445462864216,nan
GD,87.49629756899535,170.765
PPC,32.18416093073617,23.75
YOGA,0.004582665668659233,nan
SHLO,0.5904605137217763,nan
ALLE,32583.08182353273,119.375
MXPT,1.8002107245713808,nan
TGNA,-1.4837026887914946,18.4
WMT,2.0160228187111096,129.20499999999998
G,19.380724875141347,41.175
SIG,-3.423861873442044,52.260000000000005
FIVE,632.3658974916962,190.17000000000002
KPTI,0.23359023276139435,11.715
PMD,-0.09412772216469681,7.3
BCO,-0.7854029964798075,76.69
RT,2.393430088402992,nan
STAY,-0.6040903522355635,16.695
SO,36.711814100851576,58.29
CDE,2.6884224264478265,8.79
FORR,-0.9249165182874318,45.285
DTRM,0.8507123523443142,nan
OSTK,3.534626668836226,63.075
SGY,-4.949811425788733e+17,nan
TA,55.91039915271383,21.425
MRK,-6.648205630615307,73.12
DFCO,-0.008200672893016432,0.0
COMM,-33.10824146895446,14.524999999999999
AEO,-0.3140300871621007,28.225
ACN,735.7286704148307,252.185
AHS,128.76641400402352,nan
BBY,-8.719924065519214,102.57
PCH,374.8624744619192,52.004999999999995
WCC,25.04249954411023,82.68
BNED,0.8924271782145061,6.725
CMLS,-4680.763591845931,10.135
SAH,46.38659479444232,43.019999999999996
WR,59.25132025274117,nan
CWH,144249.6529575845,33.31
NEPH,-2835.4083351349077,8.105
CHK,-3743.614519635563,45.83
LITE,-423.79942153663745,86.2
BV,1.5417200928302832,13.615
YUM,27.894162725337853,104.44
ANSS,199.95020916204095,303.35
CK00011568,nan,nan
HTM,-3045.8929099518386,nan
SKX,78.42825778882117,36.885000000000005
IMDZ,1.5862780098347415,nan
GTXI,5.591095292491826,nan
BDX,373.8532975845446,244.87
HIL,2.9327326384600747,2.425
SFM,-1.3891034996729337,23.605
MASI,463.1303726547861,235.5
MFON,957740350.6874597,0.0
TDOC,-1653.7066188685806,191.59
TVPT,-0.36583894303329484,nan
WSTC,-3.165467013222047,nan
NOW,21145.021918223116,483.0
PLAY,-1.1867712843350529,41.75
AGI,nan,7.635
CALM,5.371289647154981,40.57
MYL,0.3997782237915739,nan
SRLP,nan,19.369999999999997
GEL,nan,8.665
FEYE,1.3478817112693153,19.165
MEIP,-0.038709407797360866,3.6550000000000002
PEP,5.2758040638048325,133.115
GHDX,106.22931635382136,nan
MMP,nan,44.9
SPNE,-2112.2369767865644,17.75
FRP,1.5178104320391442e+16,nan
JWA,1.995528525590022,nan
LAZ,-4.2722573364244045,39.474999999999994
RSG,2.8136714220293126,94.44
CSWI,1.5429360167459127,128.135
CBOE,13476.659558476966,106.25999999999999
VERI,2.721899710066071,33.975
ABC,16.392865652735313,104.39500000000001
GO,128608.14848592556,36.03
TDG,15305.695106880374,634.35
IART,11.423124806276396,65.575
ATRO,7.660723931931819,15.45
TXMD,0.0027612029774919796,1.3650000000000002
CPRT,134.41387803316732,102.995
EYPT,0.4920339052908972,9.41
VXRT,1.3733003907997548e-07,6.045
GGG,150.731172681165,59.505
RAVN,7.205978145486075,37.5
SPG,-10.54035567014902,111.4
PS,-55.59006802083949,18.0
ULTI,127.7060848365966,nan
PVHO,-4.583445862085019,0.0
EV,82.59436589950838,0.0
PTEN,1.780744120691085,9.295
APC,-1.961897432943008,nan
SVMK,-255.20941959916104,17.61
CLNE,0.2225695349796977,11.61
WWE,-0.33604462594817336,54.519999999999996
ROST,51.90674195325011,114.55
EGHT,-1.7625840012669576,32.805
JNPR,-0.9947627804303932,23.415
CIEN,159.6573314777363,48.945
DRAD,-75.8559423539894,nan
SATS,nan,26.63
NGVC,3.564362023674875,15.575
VNCE,2293.9058632833617,6.88
CDAY,20.85861475674305,84.20500000000001
WK,6694475.520814539,101.565
LSI_old,0.13431832733428278,nan
MVIS,16.363073737671353,12.865
WH,-2.431525399599881,65.115
JCS,-0.5520505370964685,5.984999999999999
OXM,77.18878539746864,73.0
BWLA,-0.6457691118858233,nan
DKS,-2.9925567038702066,71.75999999999999
IDCC,1.3754722889211266,63.055
PYYX,10.68813576841721,nan
EXR,24.601168789803435,123.815
UPLD,-18101.042948207265,53.5
CLR,57.293893580978946,31.895000000000003
URBN,1.0250037286160154,37.370000000000005
UNP,-11.320950219022285,207.005
RFMD,15.523592212720537,nan
SRE,142.099520272051,121.235
KNX,17.032217571978176,45.505
LZB,13.303881185281405,41.185
HCOM,14.085929645329955,nan
KEM,3733.31440009177,nan
USAP,2.2590621099847668,10.025
DIS,2828.633344102171,194.825
RA,nan,20.535
REGN,6065.243071790095,462.53
ETH,-0.9553480368821093,35.99
D,303.556778764248,70.065
BMY,50126.100078884185,60.425
MGNX,-2.1767000869755293,26.04
TUES,0.43810410697483776,nan
BKS,0.4310458968222749,nan
FIT,1.4401068908345869,0.0
SFLY,-1.3865168271301498,nan
EFH,nan,nan
VNO,168.62330722065812,44.855000000000004
SE,12.949328540876689,229.9
JEF,-0.4813856464175828,31.52
ISDR,45.83984210618174,18.305
SYNH,3372.0128287110124,71.98
VAR,10.501281698912164,175.91500000000002
APGH,-164.96584490904675,nan
CR,7.264521175490294,89.44
ZTS,199.76165194810474,144.945
CRL,226.37120376891582,274.71
ESDI,-118.60092980688921,nan
OKE,26.308966757881446,49.555
ATR,29.671562570496295,134.70499999999998
DNB,-6.406451513358595,22.119999999999997
ETRN,-0.1759907773382675,7.265000000000001
IEP,4.597066723653055,59.335
SMA,1.5117990543133628,nan
PAHC,789.2647460967244,21.0
BGNE,12.068151075843192,314.635
AXL,-127.58331336070883,10.0
CIDM,-32.65102322215425,1.1150000000000002
AKRX,0.7715579232863965,nan
ARCI,6.734939866971039,nan
ENPH,282570819286354.06,143.70499999999998
NE,4.234248147102605,nan
NOC,85.11328087497121,300.07
SJM,18.37096343164927,118.39
CSRA,282437836.56700873,nan
AWX,0.11860839215296756,3.285
AES,-0.5778804426721019,26.14
OTEL,18530.381410804574,11.57
GWRE,13.04012117846881,101.43
PRLE,nan,0.0
BSET,0.10453936982323085,21.425
SPRT,-0.181122033451038,1.9849999999999999
EE,10.810703101712267,nan
BAX,-0.057331632963445484,77.03999999999999
MRVL,89.36077616397603,41.68
OC,21.32371034079852,80.0
ACAT,0.8482180627781067,nan
LTHM,5.803838411995567,16.625
FIS,186446.04537988084,142.745
CRZO,5258.205754780297,nan
GLP,nan,20.555
IPAR,8.516015047705906,71.45
FTI,8.28884886899637,9.245000000000001
ADS,-8.836905675446108,104.4
LVS,-4.544888203314756,62.150000000000006
MRAM,0.9835790695988621,5.255
BMRN,-2.6941456947998716,77.58
SYMC,0.44988112281078496,nan
CCOI,865.6002366241954,62.765
ZS,-39.8348079003533,176.875
IFON,-310.84031828043214,nan
VLRX,2138559768.5453892,nan
HFC,18.666907018555428,39.78
AXN,385.11129828929484,nan
ROK,-0.734891882275895,253.365
AMED,90.49225627460424,260.945
TECH,24.698488379560423,338.14
CGNX,32.58859346157943,82.055
ROKU,-1791566.701410322,352.755
ENS,17.69323704458442,92.64
LLY,-1.1126704268290877,207.04500000000002
CVNA,1.6310729073324273,262.005
PSSR,0.00026886261591405443,3.2249999999999996
TGTX,-73.72909566097793,41.535
XPO,-7.129486694347608,116.935
PEGA,-5.378433587849255,124.6
SHW,1174.139548658996,688.2850000000001
ARLP,22.754745497515593,5.805
MMI,257.3601767827071,34.879999999999995
PNM,-0.19570387916183854,47.47
PODD,-0.20394977524993474,214.615
CAKE,-0.02854737075302937,57.114999999999995
MD,20.677161121015995,26.095
ACRX,125198562.38990398,1.725
RFP,0.8096846343216632,9.79
COR,-1.0255612181795803,106.225
LTRPA,0.48413229170961014,5.76
MCO,15458.780449615671,287.68
PKG,253.94930168644154,134.79500000000002
CVLT,0.07372762934421022,82.19
HIW,1.025351547388564,42.385
SFAR,1.127465551060398,nan
COT,0.14100660327110268,nan
NUTR,15.254460285311026,nan
IVTY,1.1419203373000305e-14,nan
XCRA,6.986032402819054,nan
FRT,40.274304577396876,105.775
IHT,-0.006478764341464662,2.725
GB,63.75827949619859,12.775
WGL,15.684984666552515,nan
DPZ,530.4384899453053,329.33500000000004
BRBR,nan,23.335
CMP,-1.2840396565667531,64.815
UBNT,-0.3423794281760765,nan
HOMR,-0.007867852544794756,nan
BHI,6.500604396657982,nan
PDFS,-0.04822253491943347,17.385
BL,-25.990248666412885,109.405
RP,104.56353361770817,87.21000000000001
WOR,-2.5463405024778756,62.940000000000005
FTNT,125.63424224644095,167.78
DATA,-124.40300506818237,nan
NUAN,5.014652306082058,43.375
ENZ,0.42118674889121266,2.74
CNS,-4.500309792049658,51.010000000000005
EXPI,-28922.928595526508,44.254999999999995
VERU,-0.489929725538074,12.219999999999999
CNXR,0.0020329031641468276,nan
JNJ,-4.363083062084484,155.95499999999998
DKNG,nan,59.849999999999994
CDNS,1907.0990485632497,126.695
CK00016800,-459.97265883720434,nan
TXN,-5.191567615643612,168.125
NUVA,14.302690506207322,62.81
LVGO,-36531099.807643406,nan
RGS,0.3191392901555322,11.03
ADIL,-3023.6659175113127,2.15
CWS,2.6411018615167887e-07,27.544999999999998
EXAS,-136044.84181479868,122.665
VVV,-1.3545550165023041,25.43
EFR,0.6286362955026074,13.485
ALT,-15.883720101942794,13.075
CHDN,-3.2636621322679686,211.025
NSHI,0.693949971635152,nan
VOXX,2.1226247506059983,20.185
CLX,81.67682805226474,183.995
MDR,620957.1691257065,nan
ADES,747.4395804730403,5.68
QCP,7.1398254046703835,nan
LNTH,2958.7737269432873,18.715
WYNN,169.45778373811288,133.535
TTOO,14413416.89616047,1.63
PESI,-0.0015216586125896203,6.895
CALA,-124.21419129396988,2.6950000000000003
IMPV,319.36984385934574,nan
ZEN,-82.79811560732803,133.085
NI,3.9129584882420834,21.965
SCHL,0.294523976197293,34.16
PHX,2.6668132888481275,3.31
KTOS,8.39335733977979,24.015
TRIP,-1.5684879008817565,50.93
UDR,6.71184255669895,42.555
CABO,397.01703270421916,1804.94
CDW,-2.811028766800625,155.495
MIND,1.1814589962536046,2.425
KEX,26.67553126558439,64.44
GM,16.906230155779387,53.675
P,-145974691.7793729,nan
RAMP,3309.0238816622477,53.725
CAMP,2.1384406315825606,10.405000000000001
OPRX,-9190.412939839296,44.144999999999996
WMK,7.974371073647265,52.525
MDT,19.068451283958048,117.65
PFE,-1.3482618310842345,34.45
QCOM,66315.36770391477,130.12
FLS,3.6944734492801876,39.915000000000006
MJTK,-0.82678010456978,0.0
KFY,10.11696217920401,57.105000000000004
SRCL,0.7266710183039433,68.465
KE,7498.3803210477445,25.549999999999997
WORK,2.1910002749951154,40.135000000000005
SIGN,0.0,nan
FSS,70.10205856537834,37.03
DCI,3.8796734058977966,60.665
JAZZ,337.64655420830775,158.8
MUR,7.870267275904107,19.87
VNTV,2863436240.5948076,nan
VIA,189.86676423949413,nan
ISR,-0.1752419160640497,1.0150000000000001
ALRM,241.49128978735027,90.0
AGNC,15.46517931099797,15.940000000000001
AREX,0.20599940312741122,nan
TIME,0.34456632077130156,nan
TTWO,1197.6324659225545,170.09
EQR,0.9646059677851307,67.98
CL,88910.63833940215,75.46000000000001
NCMI,4.864657658902411,4.7
SLB,11.11187528718075,29.125
ICPT,-3001.6936686578265,20.61
CHNG,nan,22.4
GPN,95572608.90906596,199.445
MTZ,261.17783942832676,93.43
EVTC,246.5506606041579,36.93
WGO,462.64908674900136,73.37
BSX,438.5084563647126,39.349999999999994
SGH,2265.0102469788158,42.11
KIRK,-0.1629855788842369,23.86
AKR,2.2768405868602626,19.634999999999998
BOXL,5.917780111581251e-10,2.24
BCPC,40.12681517971793,114.96000000000001
BR,8.07734738840519,145.775
FMSA,8329.032970310169,nan
LIN,-7.306620435315196,249.04500000000002
ISSC,0.21472569021560325,4.84
Y,580.2863756159164,455.97
AME,109.01301360864035,123.75
LC,2.762084198745785,10.344999999999999
GOEV,nan,11.6
SHLM,1.132280607519347,nan
CMBM,98408.6432810396,40.5
FOXF,525.1777716130877,94.965
NCSO,0.14942227381082815,nan
PDEX,17.90538676410998,24.009999999999998
ARCP,nan,nan
MTBC,-37.49335391895285,8.145
SFIX,46.06244320958478,74.27000000000001
NJR,21.79955603891806,40.004999999999995
FLLZ,-960327.4391322603,nan
ARWR,4066.1503668514483,66.75
SVT,6.688307406056228,9.86
ZGNX,-17.158279512716923,19.47
NEOS,0.0010658593613416532,0.7825500000000001
FMC,3.994855998295739,102.46000000000001
TWX,45.08618811458612,nan
GWW,-13.313007619758462,398.54499999999996
CHWY,-40.111327830271364,83.375
BPMC,-2779.294170380049,91.13
IPOA,0.39576481285091786,nan
TAST,-376.34933787501757,6.3100000000000005
ETEC,8.451486425762205e-07,nan
HXL,25.83527207959123,56.18
CCE,-5.9902520797365054e+23,nan
AOSL,1.4050677125671251,34.22
CATS,-2532.1506915297873,nan
CASY,95.89216915236004,203.155
TIS,6.083459876686805,nan
SLM,11.314968521886119,16.125
LNT,26.55900330890878,48.55
TROW,202.95845446207787,168.755
MHK,157.24004368363407,181.17000000000002
PHM,23.45658323423303,45.864999999999995
GRUB,-3.1598654745338925,60.614999999999995
OVV,262.4028750709368,27.875
PWR,10.770651580981923,84.14
EXC,10.574219016346003,39.825
RUTH,5.222948247309351,23.634999999999998
SM,-0.3241280790009082,17.865000000000002
TEVA,1.366258732655467,10.52
PRSP,-0.4376842033334322,28.455
PFPT,-17020.596739742767,116.9
SSD,3.327137553499028,101.465
AAWW,4.816851219484322,55.525
OCC,1.3046556390976685,3.4050000000000002
UNH,283.50189259602865,348.0
ASH,-2.903236735746188,71.37
CIVI,2.6050027798397535,nan
APVO,0.19312093329275834,31.185
VWR,16.789345281059358,nan
CVGI,22.578623791458696,8.940000000000001
LSI,35.079758355181255,82.11500000000001
FRAN,5.3471082698711765,nan
USNA,1.0781472058326902,100.09
ENV,-93.1800788580914,70.83500000000001
PXD,25.90851057517569,166.265
TPIC,-4.347703924474094,44.835
TESS,-0.15275320828899436,6.73
NPTN,0.44226801411624767,8.965
MOBL,0.49140733733147174,7.04
ALV,-7.256868527557791,97.375
WCIC,157.08807202083474,nan
HUBB,30.450143335992855,180.07999999999998
TM-28,nan,nan
CDK,70145.84299869832,43.655
BIO,9473.209703369132,556.7850000000001
AXTI,-0.3185039904405005,11.225
PNRA,-3.4661367278173345,nan
CRC,0.8639616871752568,28.009999999999998
TSRO,14.537226635584428,nan
IVDN,0.016038809934683804,0.0
AEPI,262.8402139253526,nan
SABR,64.80906416393081,15.030000000000001
SDON,-0.0008669330158390676,0.0
KTWO,1.2507323680523141,nan
SBGI,2202.5763334048397,34.504999999999995
PLAN,1.7230585998103416,60.51
STMP,178.17307896143708,177.2
TPR,20.013818497725914,41.9
LKQ,31.60117863328754,43.379999999999995
AAL,-1.690724621094007,20.515
CLDR,-1330.3190987403677,14.61
KRA,26.351460323791187,40.510000000000005
NKTR,-36592.96798386673,22.21
ORLY,-22.725950404669195,466.105
ICE,8.168773032121798,114.455
STRT,-20.649883235657207,55.504999999999995
SWN,123.7641890405838,3.975
HL,-0.3801491182440218,5.835000000000001
TREX,550.3342412258222,88.315
NVCR,-52.41385012698793,131.0
ATI,9.063388336163976,20.09
CRIS,-186686680909.63147,9.525
JAKK,0.004756203218792826,7.075
VALU,12.695214903353166,28.295
EMC,-1.2235158847186824,nan
ANDX,5683.6476790664765,nan
JMBA,-0.8870890062162745,nan
SAIL,-2.8425955509017062,52.09
VLGEA,8.862640428879889,25.17
MJCO,1821.3027496585805,nan
FLUG,nan,nan
CTSH,13.284150381129923,72.73
ESTC,-11617411731.832859,119.24000000000001
GRMN,62.95357623805148,125.225
EB,-1.3609101745690715,22.775
BLKB,5.5884773917445845,71.74000000000001
VEC,531.2728023583219,59.58
KMI,-0.08212119544914566,15.9
AGX,-3.291867285162484,56.59
WERN,0.676477256251684,44.36
BFS,9.729138471991702,38.815
SEB,1072.914086266581,3434.6549999999997
DENN,51.427892774292815,17.189999999999998
CQP,-7632.26902540765,43.485
BTU,1.7608307443752123,4.05
VC,-4.28294553981111,122.125
CYCC,14.816538129485531,6.325
RCUS,0.7867001995662394,33.765
HRT,0.24034382696183704,nan
SCWX,-0.04107086151523704,15.475
JOUT,136.6278954329001,97.31
SXT,0.1537975499243328,76.71000000000001
HPE,-0.8931775797892219,14.495000000000001
PROM,0.0007854311771319679,0.0
DAL,493.9431025371083,46.28
AFI,1.264642211373622,5.07
WNDW,0.0032423850685037764,0.0
RSLS,-16061.78693517424,0.77
UNFI,8.058849407273893,31.6
VZ,340.2347311972148,56.015
FPRX,4.322391645215834,37.78
TWLO,-39287714023.45384,337.525
K,23.482486358253368,59.39
CCMP,164.78454649789222,172.01999999999998
EPE,-3426849.725155361,nan
AWK,12.316952376573935,137.86
IBM,132.57871497805354,122.5
BPI,1.2996391069509892,nan
AVGO_old,1308.8203810044722,nan
CHEF,27.155983767332955,32.714999999999996
RNG,-15572.644485013134,323.85
PRLB,57.199877773635635,143.5
LMT,7746.104224287694,339.5
KWR,42961.315628636774,180.785
MED,5.674034068412563,171.175
HGEN,-1824.1621306586724,15.530000000000001
CELH,7421752.611066761,53.09
TBTC,6.274811204071516,0.0
SURF,0.11242645415820848,7.5
TKR,59.91450187128627,78.41
GMAN,0.31403614125271423,0.0
YGYI,-10424.66452018069,0.0
CHD,18.397732828556336,80.80000000000001
SBAC,128.450985241473,254.39
EVRI,-9.80220793939337e-09,14.58
XRX,1.3308633892451707,26.13
CPST,4.135284664083724,8.305
QTNA,2.268938163264051,nan
SNX,175.97178366874505,92.555
SEV,-506.17702233596606,nan
LOCM,0.2192895053683394,nan
ADRO,2.2334539673725233,nan
LOPE,446.85058237704084,101.36500000000001
MGEE,11.109932538021532,65.575
OMCL,118.57790478856049,80.0
GMED,81.46119994615587,61.075
AZZ,17.543840101777317,35.260000000000005
RECN,-0.7123409962967505,nan
CXO,-250.71965464803915,0.0
CSU,0.5403255971852556,22.03
CP,178.22860753347064,361.385
EQM,287.9114266055873,nan
IGT,-1.0183623606799974,16.875
GWR,20.19582263535195,nan
PZZA,-6.258731607028403e-07,83.65
TSS,42.216656645636014,nan
CODI,140.99793691818564,23.924999999999997
MENT,7.750304801744523,nan
IDA,17.484377433374156,85.08500000000001
ABTL,0.30546025603902144,nan
FGEN,-64.22596705198843,35.599999999999994
OFLX,-2.3754298500489512,153.075
SMRT,0.08652679572657468,nan
CMCSA,48.52479326573284,nan
ESI,10.188432170456888,18.439999999999998
SPPI,1.4790754829273087,3.26
TBI,9.78955190748971,21.185000000000002
ACER,0.010774771474252706,2.995
RE,159.38717055989667,247.58499999999998
MGCD,0.9901055144028927,nan
CUO,11.711650583405133,nan
EGDS,-55569.16771829495,nan
PM,-7.353045899632583,85.385
COLM,33.65154439519016,91.13
IPDN,0.010316136333091471,2.69
EVR,139.31990250598562,118.015
ALK,202.15849329903716,65.08
ISRG,610.1017479624252,704.7149999999999
SPH,-1.8751733458539284,15.004999999999999
EGY,-0.06278205839167686,3.275
MRCY,961.9497857332173,64.455
LRCX,-23.492376175979075,546.725
PATK,1049.700492855142,74.38499999999999
SLNM,-0.1272939646727942,0.0
CF,3.754925479464303,47.125
MARK,-71872.95149946398,2.4050000000000002
DISCA,2803.461507931434,63.92
OII,5.961923674744761,14.355
TDW,nan,16.23
TLND,-2223.3767955868075,50.6
PPG,22.976503257551375,138.79
WBMD,nan,nan
ATUS,-0.2833949920401813,32.555
TOL,26.116139219708664,53.864999999999995
FLOW,1.7458770840424827,65.775
ADBE,85.57757391112067,441.175
ARO,1.5617872595098208,nan
CAT,15.538330405108367,220.49
ACLS,20.56799876486425,38.585
NLNK,10.079773490296919,nan
DXLG,0.2683588060389836,0.0
FLWS,8.870535791490704,27.295
OPHT,1.731225080066215,nan
KO,-0.3486469713661486,50.83
PFGC,54.93234578678166,52.415
TNET,50958.846971289866,79.525
FII,124.19924915161366,nan
CVCO,205.20833272426594,225.39499999999998
FOR,nan,21.765
NP,16.708873423662894,57.765
IIPR,173546.67608166745,176.395
CLRB,2.9680494882963075,1.6949999999999998
KAR,8.786066051429952,14.53
M,7.115469554666302,15.190000000000001
GPS,15.429689958827698,27.314999999999998
HGR,-1.2327954237749554e-06,nan
FOX,4.722124577484981,39.120000000000005
PRXL,1.635445613329342,nan
GBX,45.24295695225518,46.474999999999994
STE,649.6152942290654,177.36
HNRG,3.4281260387375174,1.685
ARTEC,-8398881254309.358,nan
WMG,-0.377926245755508,36.235
CNVR,-2.2686955498466856,nan
RYN,-0.18880577546209262,31.65
FCFS,64.14392229709416,65.975
GOLF,6.4909081831949065,41.724999999999994
RGC,0.4083560674361485,nan
DIT,0.1455358055445547,117.88499999999999
EME,78.61496972420014,104.555
CMG,89.21061442061637,1333.9499999999998
LAKE,3.0123440039214775,30.03
NWY,0.018591439305616648,nan
BHE,-0.9925775194333577,29.685000000000002
ASPU,-1837.0944330562963,8.625
ANIK,22.411067199858504,34.735
DTIL,-66431650.39426192,11.485
BIIB,106.3560181383607,267.56
CIE,-3562539.1932393066,nan
HURN,3.1740573302676474,49.14
JSDA,70781.29926193018,0.0
FND,3210.4131833486604,88.34
KR,18.85263428711176,34.47
MAN,6.747640675755152,97.56
DNR,6.201427254918153,nan
EXP,0.8558848713055436,134.345
PSTI,3.0903749101856945,4.985
LOGI,27.930930728762576,95.175
RIHT,-0.2148691190739957,0.0
CHRS,-1.14614317293707e-12,15.87
OHI,46.16460914585202,37.33
PSX,13.499119898672355,87.32499999999999
ADM,3.076735722530387,58.785
AMAT,18.35538593465791,113.75
HRI,1.0082280197573978,73.775
ATHN,97.12775821416915,nan
UG,-1.6336596601437925,13.925
MIK,-3.0501637245679345,21.775
KMG,37557.66236098399,nan
CE,0.45113900635258647,133.975
DOW,1.833147594616203,62.99
BURL,422290131.1163752,283.43
SERV,283.5762927700466,nan
WEC,41.89114759296282,85.05000000000001
FNJN,nan,nan
Q,-1.6778410903789969,nan
PRO,-121340.92585503198,46.43
AVGR,3.8840190112947863,1.46
MGLN,13.080190464732745,93.31
TTMI,6.5505033281451714,14.08
LOXO,-843123.3689379187,nan
AJG,90.65919684525619,123.93
RAI,1672.7443432588173,nan
SPXC,7.887543670731194,55.35
CONN,2.656989754147927,14.23
SAIA,199.56422706610869,196.825
WINA,-144.5846798082707,180.41
HRS,72.64842583206448,nan
NMBL,1.3569365416705088,nan
PTON,nan,105.72999999999999
ESV,-7.360167826434163,nan
PNR,-3.622822157641523,58.81
NTRA,-150507960.2309281,103.055
KHC,49.162868494800556,37.875
NWPX,11.247240774908198,29.85
TRNS,31.47888346851724,45.515
WNC,9.6224542081943,12.875
MMMB,-3.1237601166774956e-05,0.0
TRMB,29.605344837958516,119.63
FCPT,2026.058496851106,27.189999999999998
CALD,-1671.2193527274283,nan
INOV,0.01417962629455392,23.715
FDS,244.77449058664158,314.32000000000005
FUL,18.66394243827905,59.51
HRC,17.39264594876705,104.03999999999999
MLAB,30.39294812888599,269.005
PPIH,-0.14648150639513666,6.645
NWS,-0.3363736998940196,23.509999999999998
LUV,15.730679759813627,56.955
NGL,nan,2.675
BLOX,0.404627175993889,nan
ECL,55.09669620993688,208.595
ARRY,-4264474596176.8076,34.295
TLYS,0.44213221547601017,10.6
APOG,4.182760291658346,38.0
CSCO,-4.165470148246729,46.495000000000005
DLTH,12.398559718005911,12.96
DELL,2307813834236686.5,84.94
AJBI,nan,nan
ARAY,0.28619590358338465,5.075
SON,7.326369177731025,62.16
TWOU,-1409.2947724988126,38.0
O,52.30837556028029,59.905
WSM,4.678089060621211,125.995
AEIS,36.72318229472239,108.43
LFUS,124.4511654956326,256.95
CONE,28.150054708844305,69.975
REN,0.0411604138957893,nan
FLT,93.12014375547547,267.0
EBIX,35.31453848969151,24.855
ATW,82.09989369364025,nan
WOOF,52.09802978260447,19.240000000000002
ANET,4946.0602838859595,273.24
EW,89.2661803092938,80.81
TSRI,1.1671772182132427,7.0649999999999995
AYX,263.8866413379698,83.67500000000001
NLSN,1.443477172383977,24.915
AKS,4.805934585949195,nan
H,7.687930682392029,86.305
YEXT,-432296.29109992523,15.355
BOOT,124.86411725158167,58.57
MEDP,78.37881184981853,159.65
LPLA,24.194332814567318,138.2
GIMO,1798.336444237389,nan
CNDT,0.9419343659146441,5.6
HIBB,-0.25015630667308597,57.92
DF,0.8896509552016075,nan
NATR,0.48038128976351957,17.765
GENC,6.300296624262821,13.8
KITE,-38318.55977791119,nan
TITN,0.4145902183169991,25.064999999999998
CHE,261.13383432362036,432.365
ITT,32.25087199646196,87.06
LVLT,6.578168602041921,nan
JELD,150.335272464278,27.86
GPOR,5.907562641900839,nan
OMC,12.706981222062883,74.735
HTZ,-31.511872132935075,nan
WBC,116.32474315179836,nan
GCI,0.03445498202590301,5.32
REMI,80.14829348035336,0.0
STRA,4978.610219180246,80.69
GWGH,563329727.5919737,7.25
CMC,9.262763233291775,27.270000000000003
BHGE,-0.14436908452404404,nan
FAST,19.70328842728472,45.19
NVEC,-4.3630795771868325,68.66
FKWL,0.18620566014932494,0.0
ALCO,32.71289424601907,26.375
SPB,76.8974779755416,71.32
AMC,2.4359495418423385,7.96
CCOH,-215.75225270523077,nan
FLIR,2.261447967805717,51.78
GRA,15.777017750372258,60.965
PIR,4.125544698888574,nan
SRT,-98.53629086412526,8.69
EXTR,-0.2531994505440615,8.305
AHPI,0.8240879110507214,4.43
CHRW,30.270892587980224,94.07
NSP,-0.010829552824759898,103.715
PRTS,0.2712505395762553,16.08
ERS,0.8187680289614068,nan
ODP,7.499145639219085,38.35
SSNT,417865.1578053536,6.575
WINH,-0.02635496610331885,nan
BSTC,698.0970733041894,nan
UMRX,0.16225836590790454,nan
SCVL,-2.6372366298524086,52.115
INTT,0.9813758773853067,9.219999999999999
SMID,8.173390740413865,12.015
FDX,1.7745121312962346,257.7
UPS,701.2918631131007,164.77
RUN,11.59132128861538,52.760000000000005
JDAS,nan,nan
MYGN,1.0778027113346786,27.8
ABMD,2650.6833194370233,245.4
DNOW,1.3957195032488259,11.485
ABBV,-6.13769436845579,106.815
SGEN,-1205.142887794603,148.62
OGS,10.120697922696007,74.995
RAVE,0.04365051725460985,1.1349999999999998
TIF,16.53006581757322,0.0
HST,-0.06479107948623083,15.815000000000001
EHC,124.81986552502573,75.825
GSHD,21.705473657674876,120.36500000000001
SCOR,0.37577010216839213,2.9699999999999998
PRTX,0.00197971422098128,0.0
PAYS,3253.5630561960475,4.485
SAFM,12.644690215651083,154.17000000000002
LSXMA,0.720118611597362,43.87
MDP,8.803248634480076,31.425
ODT,-911.6472554024226,17.36
USCR,66.82858434964264,59.205
CPT,13.123939084586148,102.68
MMEG,-155.97522771714955,nan
VTIQ,0.059227798786217964,10.315000000000001
CALX,0.46079960214693516,38.86
PANW,-391.8512217727605,336.64
COUP,-1114.2206572268726,285.81
ADPT,1538.267493188212,49.75
ARNC,-1.6926326199862773,25.275
COL,1490.397317905062,nan
AVGO,-11.136587601147761,450.5
DCPH,-332528.76868946274,42.82
MNRO,34.11938156415628,66.4
FTR,256687853.41917464,nan
VSTM,0.0034089318777855587,2.205
MDLZ,3.860215110774245,55.635
ADTN,1.89381439125961,15.45
INSW,0.02022862652993383,17.825000000000003
SRNE,-72637.6852063331,8.955
GBT,-436.8548652408425,38.644999999999996
EBAY,-0.5523911714466687,53.795
SPNC,1.272813367903909,nan
LOV,-2.673365878095196,5.005
WAT,-1.2340116420058789e-06,266.62
SONC,1460.998833970648,nan
APTV,44.602502653949784,142.275
DNKN,134.02998351553228,nan
EVA,-9.575643915151963,50.08
ETR,37.61059608324699,88.545
HURC,23.178842197202556,31.505
INTC,22.883434050326752,60.915
SMSI,21141.566112198223,7.05
DDOG,-4325543164514906.5,83.4
PKI,18.848125222678316,123.76
VRNS,4.386188414112449,183.70999999999998
JCP,0.8673652033214108,nan
MGM,87.78394750810503,37.265
ADI,185.77028305586157,148.835
FIX,98.3586587951912,68.595
SCI,22.943676016118584,47.285
SOHU,-109.61863616294184,18.895
SPLS,2.5122209583036694,nan
X,-13.272135798838686,18.299999999999997
HOLX,0.9679006138959406,72.36
CLH,7.911602178708369,77.46000000000001
FGP,-24.584821654888888,nan
XCO,-421.62553327627955,nan
NBL,3.5531568559646174,nan
TRN,-1.8531014810820625,27.73
VRSK,545.0446812168478,167.38
FET,31.154822864194653,22.61
BFB,13.646400606467141,nan
MARA,0.00672142094659789,30.244999999999997
AGLE,3.9634236218236816,7.93
PCMI,34.08302851779935,nan
ESRX,4.685587350880407,nan
HEI,87.24347387383857,122.875
PEB,23.698759195414418,20.215
HMTV,0.08882494127876882,12.27
PAYC,7970.301699614324,368.28999999999996
MA,19.167770828870108,360.775
UBER,-1296745.510253496,55.725
BBGI,7.172398088410839,2.365
CGA,4.907236441329774,3.815
KKD,4.337714363178402,nan
IAC,35.38647725894277,224.26
MIXX,0.15314683698742704,0.0
TGI,8098.486428459929,17.785
AMBA,-17.104483364327656,111.53999999999999
ALX,-20.33565536044283,282.39
ARCB,9.080128915827197,63.745000000000005
RCII,66.58179937482343,56.495000000000005
BE,1237579600.384205,26.07
SDC,-2180.7473171444544,10.155000000000001
PRGO,710.6727207067324,40.635
CERN,1.2349888428141194,68.975
GWRS,0.23299543268577955,23.419999999999998
ACA,13.525753614414553,59.755
MSI,-2.5697994093567114,179.07
CRY,0.5501055475380553,25.375
EGLT,5.177420243626023,nan
HOG,-2.779428251356675,34.97
LECO,-5.822587294148568,121.18
AJRD,73813.14143456021,51.04
LYV,2.3547294801667267,90.905
MSG,nan,nan
OI,4.458255323179315,12.035
CRR,0.12737068939562057,nan
HPQ,305.60284136899776,29.855
CMS,11.96102488734273,54.974999999999994
WEX,136.84732029258524,190.515
TSSI,0.4588878409585061,0.0
GFF,0.6339459090615006,24.7
JOY,1.0225492954441724,nan
FONR,155.11258560270477,20.025
DRQ,-0.029128753458694673,38.67
HSY,654.3236761037236,151.03
AEP,12.020576500263834,79.13499999999999
APTI,-2857.2934760567737,nan
MDT_old,17.698449917922346,nan
MNK,7.7946734996891776,nan
ZDGE,0.3063928592787313,9.4
BB,nan,9.465
GE,0.3097976308105026,13.594999999999999
TRC,2.3747574211157385,16.685000000000002
EIX,36.30480859573597,57.81
RGNX,nan,40.055
FNSR,-2.9747245864055363,nan
PPHM,0.07287745966930353,nan
NVDA,497.9367445535538,502.14
GHC,399.1381275135483,568.4300000000001
RES,0.6380885841171743,7.625
VIDE,-0.016072181996960956,0.0
SOHO,8.841079254485972,3.62
BC,2.5030541596295333,99.0
CSBR,1.3065672519629545e+26,11.415
AYI,89.1519783797566,126.355
ACI,0.60607336409189,17.805
PLPC,22.618928804235054,69.065
GLPI,-3.029083279494608,43.175
PRCP,0.9708649414021534,nan
XSPY,-8.625719445812907,nan
ARRS,152.27568237551776,nan
CNC,743.1738518448391,60.16
